series,timestamp_ms,value
braunkohle_lignite,1704063600000,6819909.25
braunkohle_lignite,1706742000000,6010242.5
braunkohle_lignite,1709247600000,6461017.75
braunkohle_lignite,1711922400000,4303987.5
braunkohle_lignite,1714514400000,4716631.75
braunkohle_lignite,1717192800000,5290899.0
braunkohle_lignite,1719784800000,5471088.0
braunkohle_lignite,1722463200000,5365300.25
braunkohle_lignite,1725141600000,5177279.75
braunkohle_lignite,1727733600000,7134012.25
braunkohle_lignite,1730415600000,7657978.5
braunkohle_lignite,1733007600000,6578007.75
braunkohle_lignite,1735686000000,6826962.0
braunkohle_lignite,1738364400000,7092101.0
braunkohle_lignite,1740783600000,7277676.75
braunkohle_lignite,1743458400000,5340820.5
braunkohle_lignite,1746050400000,4105918.5
braunkohle_lignite,1748728800000,3635517.75
braunkohle_lignite,1751320800000,5754061.25
braunkohle_lignite,1753999200000,4518747.75
braunkohle_lignite,1756677600000,4925688.75
braunkohle_lignite,1759269600000,5648721.13
braunkohle_lignite,1761951600000,6595504.11
braunkohle_lignite,1764543600000,5444634.18
steinkohle_hardcoal,1704063600000,4036643.0
steinkohle_hardcoal,1706742000000,2607946.25
steinkohle_hardcoal,1709247600000,2423432.25
steinkohle_hardcoal,1711922400000,1642419.25
steinkohle_hardcoal,1714514400000,1088283.25
steinkohle_hardcoal,1717192800000,1072616.5
steinkohle_hardcoal,1719784800000,1050448.0
steinkohle_hardcoal,1722463200000,1696165.5
steinkohle_hardcoal,1725141600000,2185951.25
steinkohle_hardcoal,1727733600000,2750257.75
steinkohle_hardcoal,1730415600000,3685594.0
steinkohle_hardcoal,1733007600000,3096561.75
steinkohle_hardcoal,1735686000000,3611040.75
steinkohle_hardcoal,1738364400000,4236837.75
steinkohle_hardcoal,1740783600000,3184093.5
steinkohle_hardcoal,1743458400000,2398520.0
steinkohle_hardcoal,1746050400000,985455.25
steinkohle_hardcoal,1748728800000,1201003.75
steinkohle_hardcoal,1751320800000,1909475.25
steinkohle_hardcoal,1753999200000,1301445.0
steinkohle_hardcoal,1756677600000,1397569.0
steinkohle_hardcoal,1759269600000,2166156.53
steinkohle_hardcoal,1761951600000,3165924.61
steinkohle_hardcoal,1764543600000,2599886.52
erdgas_naturalgas,1704063600000,7171706.5
erdgas_naturalgas,1706742000000,5287330.75
erdgas_naturalgas,1709247600000,5301249.25
erdgas_naturalgas,1711922400000,4319790.5
erdgas_naturalgas,1714514400000,3873127.25
erdgas_naturalgas,1717192800000,3493624.0
erdgas_naturalgas,1719784800000,3253777.5
erdgas_naturalgas,1722463200000,3430310.25
erdgas_naturalgas,1725141600000,3207378.75
erdgas_naturalgas,1727733600000,3852887.75
erdgas_naturalgas,1730415600000,7062067.25
erdgas_naturalgas,1733007600000,6663231.5
erdgas_naturalgas,1735686000000,7924274.25
erdgas_naturalgas,1738364400000,7702449.0
erdgas_naturalgas,1740783600000,5649854.75
erdgas_naturalgas,1743458400000,3692677.25
erdgas_naturalgas,1746050400000,3130741.75
erdgas_naturalgas,1748728800000,2394517.25
erdgas_naturalgas,1751320800000,2927114.0
erdgas_naturalgas,1753999200000,3015974.75
erdgas_naturalgas,1756677600000,3790773.75
erdgas_naturalgas,1759269600000,5275413.52
erdgas_naturalgas,1761951600000,7519788.06
erdgas_naturalgas,1764543600000,7523775.97
wind_onshore,1704063600000,15538623.0
wind_onshore,1706742000000,14088422.75
wind_onshore,1709247600000,9347789.0
wind_onshore,1711922400000,9674383.75
wind_onshore,1714514400000,6248813.75
wind_onshore,1717192800000,5670932.75
wind_onshore,1719784800000,5528038.25
wind_onshore,1722463200000,5184448.5
wind_onshore,1725141600000,8943181.25
wind_onshore,1727733600000,8368162.75
wind_onshore,1730415600000,10259467.0
wind_onshore,1733007600000,13708154.25
wind_onshore,1735686000000,13201131.5
wind_onshore,1738364400000,7227404.0
wind_onshore,1740783600000,6491692.25
wind_onshore,1743458400000,5843161.25
wind_onshore,1746050400000,7858113.25
wind_onshore,1748728800000,8676526.75
wind_onshore,1751320800000,6167800.71
wind_onshore,1753999200000,5459159.51
wind_onshore,1756677600000,9721142.41
wind_onshore,1759269600000,13695534.4
wind_onshore,1761951600000,9952192.85
wind_onshore,1764543600000,12474033.51
wind_offshore,1704063600000,3036663.75
wind_offshore,1706742000000,2780407.5
wind_offshore,1709247600000,2736839.0
wind_offshore,1711922400000,2186038.25
wind_offshore,1714514400000,1528316.0
wind_offshore,1717192800000,1552964.75
wind_offshore,1719784800000,1636014.25
wind_offshore,1722463200000,1426232.0
wind_offshore,1725141600000,1822075.0
wind_offshore,1727733600000,2261530.25
wind_offshore,1730415600000,2233532.75
wind_offshore,1733007600000,2466866.25
wind_offshore,1735686000000,2539817.75
wind_offshore,1738364400000,2260150.5
wind_offshore,1740783600000,1889088.0
wind_offshore,1743458400000,1080769.75
wind_offshore,1746050400000,1861451.25
wind_offshore,1748728800000,1848906.25
wind_offshore,1751320800000,1561247.83
wind_offshore,1753999200000,1699077.95
wind_offshore,1756677600000,2410541.28
wind_offshore,1759269600000,2901834.16
wind_offshore,1761951600000,2716300.26
wind_offshore,1764543600000,3425383.69
photovoltaik_solar,1704063600000,1433804.0
photovoltaik_solar,1706742000000,2236905.75
photovoltaik_solar,1709247600000,4876757.25
photovoltaik_solar,1711922400000,6624391.25
photovoltaik_solar,1714514400000,8603730.25
photovoltaik_solar,1717192800000,8835624.5
photovoltaik_solar,1719784800000,9306817.75
photovoltaik_solar,1722463200000,8941062.25
photovoltaik_solar,1725141600000,6161317.5
photovoltaik_solar,1727733600000,3561570.5
photovoltaik_solar,1730415600000,1529686.25
photovoltaik_solar,1733007600000,1036765.75
photovoltaik_solar,1735686000000,1627464.75
photovoltaik_solar,1738364400000,3018648.0
photovoltaik_solar,1740783600000,6906310.4
photovoltaik_solar,1743458400000,8951024.5
photovoltaik_solar,1746050400000,10217138.5
photovoltaik_solar,1748728800000,10536110.75
photovoltaik_solar,1751320800000,9056373.02
photovoltaik_solar,1753999200000,9672278.48
photovoltaik_solar,1756677600000,6435895.39
photovoltaik_solar,1759269600000,3642622.45
photovoltaik_solar,1761951600000,2210900.1
photovoltaik_solar,1764543600000,1509063.85
stromverbrauch_total_load,1704063600000,44095498.25
stromverbrauch_total_load,1706742000000,39956911.0
stromverbrauch_total_load,1709247600000,40192601.75
stromverbrauch_total_load,1711922400000,37730955.5
stromverbrauch_total_load,1714514400000,35983512.75
stromverbrauch_total_load,1717192800000,35704641.25
stromverbrauch_total_load,1719784800000,36973712.75
stromverbrauch_total_load,1722463200000,36921844.0
stromverbrauch_total_load,1725141600000,36646160.5
stromverbrauch_total_load,1727733600000,38537384.0
stromverbrauch_total_load,1730415600000,41376520.0
stromverbrauch_total_load,1733007600000,41383116.0
stromverbrauch_total_load,1735686000000,44170689.75
stromverbrauch_total_load,1738364400000,40067317.13
stromverbrauch_total_load,1740783600000,40563594.7
stromverbrauch_total_load,1743458400000,36341729.36
stromverbrauch_total_load,1746050400000,36264727.79
stromverbrauch_total_load,1748728800000,35278341.56
stromverbrauch_total_load,1751320800000,37035779.36
stromverbrauch_total_load,1753999200000,35373436.26
stromverbrauch_total_load,1756677600000,36471748.88
stromverbrauch_total_load,1759269600000,40475526.35
stromverbrauch_total_load,1761951600000,41470312.3
stromverbrauch_total_load,1764543600000,42304479.73
marktpreis_de_lu_eur_mwh,1704063600000,76.57
marktpreis_de_lu_eur_mwh,1706742000000,61.34
marktpreis_de_lu_eur_mwh,1709247600000,64.7
marktpreis_de_lu_eur_mwh,1711922400000,62.36
marktpreis_de_lu_eur_mwh,1714514400000,67.21
marktpreis_de_lu_eur_mwh,1717192800000,72.89
marktpreis_de_lu_eur_mwh,1719784800000,67.7
marktpreis_de_lu_eur_mwh,1722463200000,82.05
marktpreis_de_lu_eur_mwh,1725141600000,78.31
marktpreis_de_lu_eur_mwh,1727733600000,86.1
marktpreis_de_lu_eur_mwh,1730415600000,113.91
marktpreis_de_lu_eur_mwh,1733007600000,108.32
marktpreis_de_lu_eur_mwh,1735686000000,114.14
marktpreis_de_lu_eur_mwh,1738364400000,128.52
marktpreis_de_lu_eur_mwh,1740783600000,94.73
marktpreis_de_lu_eur_mwh,1743458400000,77.94
marktpreis_de_lu_eur_mwh,1746050400000,67.34
marktpreis_de_lu_eur_mwh,1748728800000,63.99
marktpreis_de_lu_eur_mwh,1751320800000,87.8
marktpreis_de_lu_eur_mwh,1753999200000,76.99
marktpreis_de_lu_eur_mwh,1756677600000,83.51
marktpreis_de_lu_eur_mwh,1759269600000,84.4
marktpreis_de_lu_eur_mwh,1761951600000,101.88
marktpreis_de_lu_eur_mwh,1764543600000,93.47
